{"cameraMode":{"drawMode":0,"name":"Shaded","section":"Shading Mode"},"sceneLighting":true,"audioPlay":false,"sceneViewState":{"m_AlwaysRefresh":false,"showFog":true,"showSkybox":true,"showFlares":true,"showImageEffects":true,"showParticleSystems":true,"showVisualEffectGraphs":true,"m_FxEnabled":true},"in2DMode":false,"pivot":{"x":1.462060809135437,"y":9.724502563476563,"z":0.491499662399292},"rotation":{"x":0.003370031015947461,"y":0.9093506336212158,"z":-0.41595715284347536,"w":0.007366111036390066},"size":2.844987392425537,"orthographic":false}